<?xml version="1.0" encoding="utf-8"?>
<window><defaultcontrol>100</defaultcontrol><allowoverlays>false</allowoverlays><controls><control type="image"><posx>0</posx><posy>0</posy><width>1280</width><height>720</height><texture>background.jpg</texture></control><control type="button" id="301"><left>650</left><top>21</top><width>190</width><height>68</height><visible>true</visible><texturefocus>icon-menu-search-focus.png</texturefocus><texturenofocus>icon-menu-search.png</texturenofocus><label>Search</label><textoffsetx>35</textoffsetx><textoffsety>15</textoffsety><textcolor>FFFFFFFF</textcolor><align>left</align><aligny>top</aligny><textoffsetx/><textoffsety/><onup>301</onup><ondown>401</ondown><onleft>303</onleft><onright>302</onright></control><control type="button" id="302"><left>860</left><top>21</top><width>190</width><height>68</height><visible>true</visible><texturefocus>icon-menu-settings-focus.png</texturefocus><texturenofocus>icon-menu-settings.png</texturenofocus><label>Settings</label><textoffsetx>30</textoffsetx><textoffsety>15</textoffsety><textcolor>FFFFFFFF</textcolor><align>left</align><aligny>top</aligny><textoffsetx/><textoffsety/><onup>302</onup><ondown>401</ondown><onleft>301</onleft><onright>303</onright></control><control type="button" id="303"><left>1070</left><top>21</top><width>190</width><height>68</height><visible>true</visible><texturefocus>icon-menu-home-focus.png</texturefocus><texturenofocus>icon-menu-home.png</texturenofocus><label>Home</label><textoffsetx>45</textoffsetx><textoffsety>15</textoffsety><textcolor>FFFFFFFF</textcolor><align>left</align><aligny>top</aligny><textoffsetx/><textoffsety/><onup>303</onup><ondown>401</ondown><onleft>302</onleft><onright>301</onright></control><control type="image"><posx>516</posx><posy>159</posy><width>721</width><height>430</height><texture>episode-item-large.png</texture></control><control type="image" id="404"><posx>524</posx><posy>165</posy><width>677</width><height>381</height><texture/></control><control type="textbox" id="405"><posx>38</posx><posy>164</posy><width>452</width><height>510</height><textcolor>FFFFFFFF</textcolor><align>left</align><aligny>bottom</aligny><label/></control><control type="image" id="406"><posx>392</posx><posy>159</posy><width>50</width><height>50</height></control><control type="button" id="401"><left>516</left><top>615</top><width>203</width><height>94</height><visible>true</visible><texturefocus>button-normal-focus.png</texturefocus><texturenofocus>button-normal.png</texturenofocus><label>Watch in SD</label><textoffsetx>35</textoffsetx><textoffsety>15</textoffsety><textcolor>FFFFFFFF</textcolor><align>left</align><aligny>top</aligny><onright>402</onright><onup>301</onup></control><control type="button" id="402"><left>721</left><top>615</top><width>203</width><height>94</height><visible>true</visible><texturefocus>button-normal-focus.png</texturefocus><texturenofocus>button-normal.png</texturenofocus><label>Watch in HD</label><textoffsetx>35</textoffsetx><textoffsety>15</textoffsety><textcolor>FFFFFFFF</textcolor><align>left</align><aligny>top</aligny><onleft>401</onleft><onright>403</onright><onup>301</onup></control><control type="button" id="403"><left>926</left><top>615</top><width>312</width><height>94</height><visible>true</visible><texturefocus>button-large-focus.png</texturefocus><texturenofocus>button-large.png</texturenofocus><label>Add to favorites</label><textoffsetx>35</textoffsetx><textoffsety>15</textoffsety><textcolor>FFFFFFFF</textcolor><align>left</align><aligny>top</aligny><onleft>402</onleft><onup>301</onup></control></controls></window>
