<?xml version="1.0" encoding="UTF-8" standalone="yes"?>
<addon id="plugin.video.ruya2"
    name="Ruya IPTV"
    version="2.0.6"
    provider-name="ruyaiptv">
  <requires>
    <import addon="xbmc.python" version="2.1.0"/>
  </requires>
  <extension point="xbmc.python.script" library="default.py" >
    <provides>executable video</provides>
  </extension>
  <extension point="xbmc.addon.metadata">
    <summary lang="en">RuYa IPTV</summary>
    <description lang="en">Where dreams come true</description>
    <platform>all</platform>
  </extension>
</addon>
